Participants ,P1_Predictable_Frontal_Left,P1_Predictable_Frontal_Middle,P1_Predictable_Frontal_Right,P1_Predictable_Central_Left,P1_Predictable_Central_Middle,P1_Predictable_Central_Right,P1_Unpredictable_Frontal_Left,P1_Unpredictable_Frontal_Middle,P1_Unpredictable_Frontal_Right,P1_Unpredictable_Central_Left,P1_Unpredictable_Central_Middle,P1_Unpredictable_Central_Right,N1_Predictable_Frontal_Left,N1_Predictable_Frontal_Middle,N1_Predictable_Frontal_Right,N1_Predictable_Central_Left,N1_Predictable_Central_Middle,N1_Predictable_Central_Right,N1_Unpredictable_Frontal_Left,N1_Unpredictable_Frontal_Middle,N1_Unpredictable_Frontal_Right,N1_Unpredictable_Central_Left,N1_Unpredictable_Central_Middle,N1_Unpredictable_Central_Right,P2_Predictable_Frontal_Left,P2_Predictable_Frontal_Middle,P2_Predictable_Frontal_Right,P2_Predictable_Central_Left,P2_Predictable_Central_Middle,P2_Predictable_Central_Right,P2_Unpredictable_Frontal_Left,P2_Unpredictable_Frontal_Middle,P2_Unpredictable_Frontal_Right,P2_Unpredictable_Central_Left,P2_Unpredictable_Central_Middle,P2_Unpredictable_Central_Right,N2_Predictable_Frontal_Left,N2_Predictable_Frontal_Middle,N2_Predictable_Frontal_Right,N2_Predictable_Central_Left,N2_Predictable_Central_Middle,N2_Predictable_Central_Right,N2_Unpredictable_Frontal_Left,N2_Unpredictable_Frontal_Middle,N2_Unpredictable_Frontal_Right,N2_Unpredictable_Central_Left,N2_Unpredictable_Central_Middle,N2_Unpredictable_Central_Right,N1Diff_Predictable_Frontal_Left,N1Diff_Predictable_Frontal_Middle,N1Diff_Predictable_Frontal_Right,N1Diff_Predictable_Central_Left,N1Diff_Predictable_Central_Middle,N1Diff_Predictable_Central_Right,N1Diff_Unpredictable_Frontal_Left,N1Diff_Unpredictable_Frontal_Middle,N1Diff_Unpredictable_Frontal_Right,N1Diff_Unpredictable_Central_Left,N1Diff_Unpredictable_Central_Middle,N1Diff_Unpredictable_Central_Right,P2Diff_Predictable_Frontal_Left,P2Diff_Predictable_Frontal_Middle,P2Diff_Predictable_Frontal_Right,P2Diff_Predictable_Central_Left,P2Diff_Predictable_Central_Middle,P2Diff_Predictable_Central_Right,P2Diff_Unpredictable_Frontal_Left,P2Diff_Unpredictable_Frontal_Middle,P2Diff_Unpredictable_Frontal_Right,P2Diff_Unpredictable_Central_Left,P2Diff_Unpredictable_Central_Middle,P2Diff_Unpredictable_Central_Right,N2Diff_Predictable_Frontal_Left,N2Diff_Predictable_Frontal_Middle,N2Diff_Predictable_Frontal_Right,N2Diff_Predictable_Central_Left,N2Diff_Predictable_Central_Middle,N2Diff_Predictable_Central_Right,N2Diff_Unpredictable_Frontal_Left,N2Diff_Unpredictable_Frontal_Middle,N2Diff_Unpredictable_Frontal_Right,N2Diff_Unpredictable_Central_Left,N2Diff_Unpredictable_Central_Middle,N2Diff_Unpredictable_Central_Right,Baseline_Predictable_Frontal_Left,Baseline_Predictable_Frontal_Middle,Baseline_Predictable_Frontal_Right,Baseline_Predictable_Central_Left,Baseline_Predictable_Central_Middle,Baseline_Predictable_Central_Right,Baseline_Unpredictable_Frontal_Left,Baseline_Unpredictable_Frontal_Middle,Baseline_Unpredictable_Frontal_Right,Baseline_Unpredictable_Central_Left,Baseline_Unpredictable_Central_Middle,Baseline_Unpredictable_Central_Right
part_01,-0.109435649,-0.061538539,-0.222575528,0.255627082,0.22014465,-0.076014961,0.797605432,0.813533122,0.581536345,0.456058449,0.501525687,0.142473805,-0.079323978,-0.018172978,-0.210443676,0.215493275,0.254339169,-0.056242483,0.737489099,0.723809263,0.538879017,0.2966057,0.509691708,0.274743746,-0.062436452,-0.144910425,-0.184247626,0.111539067,0.06157892,-0.069020168,0.559569798,0.625223146,0.461510395,0.749107121,0.949128841,0.274972958,-0.060766352,-0.014578072,0.010191443,0.101852468,0.024564553,0.022920989,-0.210420823,-0.257571366,-0.292837258,0.051743642,0.132936741,-0.045044789,0.030111671,0.043365561,0.012131852,-0.040133807,0.03419452,0.019772478,-0.060116333,-0.089723859,-0.042657328,-0.159452749,0.008166021,0.13226994,0.016887526,-0.126737447,0.02619605,-0.103954208,-0.19276025,-0.012777685,-0.177919301,-0.098586117,-0.077368622,0.45250142,0.439437133,0.000229212,0.0016701,0.130332353,0.194439069,-0.0096866,-0.037014367,0.091941157,-0.769990621,-0.882794512,-0.754347653,-0.697363479,-0.816192099,-0.320017746,-4.27E-18,-1.07E-18,4.27E-18,5.34E-18,-1.27E-17,-2.94E-18,1.23E-17,-4.80E-18,2.01E-17,1.15E-17,3.04E-17,1.33E-17
part_02,0.112151406,0.351513263,0.226689747,0.071091416,0.307985526,0.04278399,0.708603589,0.955025549,0.655788777,0.351549789,0.53434342,0.146952463,0.168365683,0.474767438,0.331076466,0.158024695,0.256188279,0.065794868,-0.792744058,-0.786526386,-0.74475793,-0.202512108,-0.227808208,0.002186049,0.425505522,0.579191739,0.3629972,0.289452528,0.341294828,0.026786829,0.928364168,1.236419682,0.914726226,0.370729891,0.727902948,0.248234403,-0.009141355,0.001849624,-0.025074808,0.08251274,0.022344494,0.04539478,-0.400839712,-0.433214349,-0.411604911,-0.083362682,-0.043947223,-0.077810786,0.056214277,0.123254175,0.104386719,0.086933279,-0.051797247,0.023010878,-1.501347647,-1.741551935,-1.400546707,-0.554061897,-0.762151628,-0.144766414,0.257139839,0.104424301,0.031920734,0.131427833,0.08510655,-0.039008039,1.721108226,2.022946068,1.659484156,0.573241999,0.955711157,0.246048354,-0.434646876,-0.577342115,-0.388072008,-0.206939788,-0.318950334,0.018607951,-1.329203881,-1.66963403,-1.326331137,-0.454092573,-0.771850172,-0.32604519,4.27E-18,-1.07E-17,2.14E-18,1.60E-18,2.88E-17,4.54E-18,4.91E-17,-1.81E-17,1.39E-17,6.41E-18,2.56E-17,-3.20E-18
part_03,-0.514589595,-0.017649875,-0.009876733,0.030932607,0.063434947,0.224200569,0.119390646,1.389576871,1.234028482,0.579538964,1.242222577,0.703577182,-0.163765287,-0.122303317,-0.259406053,-0.012222994,0.211251175,0.162022747,0.059008707,0.292886606,0.190989181,-0.198225941,0.587760425,0.448270031,0.143141927,0.137859809,0.049240288,0.185928038,0.385472383,0.171319463,1.079082885,1.869282915,1.555970415,0.731785958,1.9296586,1.102715745,0.239663003,-0.023490545,0.052953085,-0.081342287,0.426599527,0.232186203,0.033299209,-0.078400381,-0.185913893,-0.107493863,-0.057046236,-0.124921388,0.350824308,-0.104653442,-0.24952932,-0.043155602,0.147816228,-0.062177822,-0.060381938,-1.096690264,-1.0430393,-0.777764905,-0.654462152,-0.255307151,0.306907214,0.260163126,0.308646341,0.198151032,0.174221208,0.009296716,1.020074178,1.576396309,1.364981234,0.9300119,1.341898175,0.654445714,0.096521076,-0.161350353,0.003712797,-0.267270325,0.041127145,0.060866739,-1.045783677,-1.947683296,-1.741884309,-0.839279822,-1.986704836,-1.227637133,-1.19E-17,-6.41E-18,1.01E-17,2.27E-18,1.28E-17,5.34E-18,-1.11E-17,3.34E-17,1.91E-17,-2.24E-17,-4.27E-18,-9.34E-18
part_04,0.770816668,0.745619477,0.719993741,0.024421853,0.098678842,0.061666959,2.400066876,2.720861821,2.40339398,0.149057219,0.616150541,0.49181402,0.475663548,0.417560221,0.334504762,0.226450503,0.159892471,0.085294571,1.195630481,1.68184847,1.470176785,-0.126955396,0.803494365,0.692278253,0.640950868,0.637430226,0.446882719,0.38177426,0.389869844,0.169784979,2.007918751,2.620316297,2.281241478,0.423406567,1.431627714,1.009434138,0.237692154,0.4643922,0.454666805,0.117729011,0.092098084,0.19683394,-0.043809947,-0.105121874,-0.192858004,-0.095351335,-0.284565341,-0.218283237,-0.29515312,-0.328059257,-0.385488979,0.202028651,0.061213628,0.023627612,-1.204436395,-1.039013351,-0.933217195,-0.276012615,0.187343823,0.200464233,0.16528732,0.219870005,0.112377957,0.155323756,0.229977374,0.084490408,0.81228827,0.938467827,0.811064693,0.550361963,0.628133349,0.317155885,-0.403258714,-0.173038025,0.007784086,-0.264045248,-0.29777176,0.027048961,-2.051728698,-2.725438171,-2.474099482,-0.518757902,-1.716193055,-1.227717375,3.63E-17,-2.78E-17,6.41E-18,5.87E-18,2.02E-18,-9.07E-18,1.24E-16,1.32E-16,3.42E-17,3.36E-17,8.43E-17,2.99E-17
part_05,1.602397878,1.6541293,1.304337196,0.392777809,0.759218578,0.657122638,1.677999751,1.740116211,1.423423982,0.280853363,0.57176332,0.535166911,0.648432454,0.802744178,0.311581916,0.200133212,0.511444317,0.228765757,0.416562975,0.606978976,0.364626241,-0.183592826,0.344746462,0.414907911,0.92000221,1.107941656,0.617360769,0.646248736,1.098833636,0.609041159,0.965425884,1.534517826,1.211291466,0.351539097,1.360194212,1.091080988,-0.00292889,-0.392169824,-0.333653775,-0.082478946,-0.193141216,0.004911442,-0.012491756,-0.226479877,-0.303544637,-0.240008852,-0.087233989,-0.012126382,-0.953965424,-0.851385122,-0.992755281,-0.192644597,-0.247774262,-0.428356882,-1.261436776,-1.133137235,-1.05879774,-0.464446188,-0.227016857,-0.120259,0.271569756,0.305197478,0.305778853,0.446115525,0.587389319,0.380275402,0.548862908,0.927538849,0.846665225,0.535131922,1.01544775,0.676173077,-0.9229311,-1.50011148,-0.951014544,-0.728727683,-1.291974852,-0.604129716,-0.97791764,-1.760997703,-1.514836103,-0.591547949,-1.447428201,-1.10320737,5.55E-17,7.58E-17,3.10E-17,4.91E-17,9.61E-18,-4.27E-18,2.14E-17,3.20E-17,-2.14E-18,7.53E-18,-1.07E-18,2.24E-17
part_06,0.882520819,0.818576042,0.550032312,0.358462332,0.425555821,0.132943181,0.380208964,0.517408651,0.44625916,0.599161914,1.015831976,0.760223455,0.716048457,0.694142321,0.422477618,0.293446486,0.424723842,0.140459785,0.377511444,0.451832501,0.258276991,0.531049976,1.022214047,0.635268369,0.528905049,0.727948123,0.531431867,0.595940841,0.763741852,0.394945917,0.859869506,1.059662624,0.742466571,1.234183176,1.853105704,1.046284397,0.357964259,0.051299441,0.10839523,0.14262191,-0.066276056,0.058452769,-0.199556681,-0.318757943,-0.334923253,-0.113341198,-0.212580439,-0.172703619,-0.166472362,-0.124433721,-0.127554694,-0.065015846,-0.000831979,0.007516603,-0.002697521,-0.06557615,-0.18798217,-0.068111938,0.006382071,-0.124955087,-0.187143408,0.033805803,0.108954249,0.302494356,0.33901801,0.254486133,0.482358062,0.607830123,0.484189581,0.703133199,0.830891657,0.411016028,-0.170940789,-0.676648683,-0.423036637,-0.453318931,-0.830017908,-0.336493149,-1.059426187,-1.378420567,-1.077389824,-1.347524374,-2.065686143,-1.218988015,1.28E-17,3.52E-17,-2.67E-19,1.44E-17,-2.14E-17,7.47E-18,3.27E-17,1.49E-17,2.94E-17,-3.20E-17,6.00E-18,1.33E-18
part_07,2.014492791,1.787241964,1.349087015,-0.043351861,0.384871025,0.456111913,2.088399938,1.837466464,1.461883413,0.074036814,0.367673532,0.465538076,0.724153392,0.880769299,0.673124023,-0.32316331,0.426743928,0.490637083,1.07927357,0.996930944,0.674598679,0.021418712,0.399313741,0.450203457,2.045867466,2.247307291,1.692357452,1.009098556,1.462065393,0.792092208,1.6988658,1.943829681,1.293652952,0.99716879,1.264394499,0.860750161,-0.306486039,-0.171748081,-0.047430567,-0.350324153,0.027620355,0.059058488,-0.047986394,-0.017982989,-0.088774552,-0.225666901,-0.29147619,-0.259016382,-1.290339399,-0.906472665,-0.675962992,-0.279811449,0.041872903,0.034525171,-1.009126368,-0.84053552,-0.787284734,-0.052618102,0.03164021,-0.015334619,1.321714074,1.366537992,1.019233429,1.332261866,1.035321465,0.301455125,0.61959223,0.946898737,0.619054274,0.975750078,0.865080758,0.410546704,-2.352353506,-2.419055372,-1.739788019,-1.359422709,-1.434445038,-0.733033721,-1.746852194,-1.96181267,-1.382427505,-1.222835691,-1.555870689,-1.119766543,3.39E-17,3.63E-17,4.06E-17,2.99E-17,8.54E-18,-1.63E-17,-1.07E-17,4.48E-17,2.14E-17,8.24E-18,2.42E-17,2.08E-17
part_08,0.648387051,0.925306667,0.538749793,0.60373223,1.078900386,0.454469003,1.083397571,1.20983976,0.926607517,0.862537504,1.232300598,0.660792169,0.130136309,0.137344483,-0.031713214,0.46452804,0.606217175,0.267716042,0.625914638,0.638966156,0.440656296,0.460703623,0.641906777,0.306255809,0.819931618,1.338597419,0.617392928,0.900118175,1.727972949,0.457107649,1.099265764,1.451360928,0.983237979,0.862172434,1.38912966,0.491257024,-0.103713883,-0.007833849,-0.060233754,0.08477021,0.1309817,0.055210496,-0.095398491,-0.20619527,-0.213517435,-0.012653009,0.234979611,-0.179063762,-0.518250742,-0.787962184,-0.570463007,-0.13920419,-0.472683212,-0.186752961,-0.457482932,-0.570873604,-0.48595122,-0.401833881,-0.590393821,-0.35453636,0.689795309,1.201252937,0.649106142,0.435590134,1.121755774,0.189391606,0.473351126,0.812394772,0.542581682,0.40146881,0.747222883,0.185001214,-0.923645501,-1.346431268,-0.677626683,-0.815347964,-1.596991248,-0.401897153,-1.194664255,-1.657556198,-1.196755414,-0.874825442,-1.154150049,-0.670320786,8.54E-18,1.07E-17,2.03E-17,3.04E-17,4.27E-17,-1.92E-17,-1.71E-17,0,6.41E-18,1.92E-17,4.27E-17,-1.71E-17
part_09,0.182965702,0.196126818,0.27003728,0.236300788,0.030486222,0.150458772,1.033591488,1.458955285,1.048661157,0.60605185,1.029542247,0.429183389,0.462161966,0.747584311,0.595795439,0.140897843,0.432782034,0.23238014,0.670992427,0.890377704,0.407673381,0.216915515,0.65918066,0.278399216,0.52702653,0.745481429,0.452512537,0.269303782,0.42478459,0.063631457,1.327650132,1.707135332,1.047747754,0.885748486,1.492938376,0.704410059,-0.076035512,-0.034775419,0.095800627,-0.215529925,-0.16001213,0.024301299,-0.100178168,-0.005991459,-0.04046587,-0.172380909,-0.495250351,-0.356382588,0.279196265,0.551457494,0.325758159,-0.095402945,0.402295811,0.081921368,-0.362599061,-0.568577581,-0.640987776,-0.389136335,-0.370361586,-0.150784172,0.064864563,-0.002102882,-0.143282901,0.128405939,-0.007997444,-0.168748683,0.656657705,0.816757628,0.640074373,0.66883297,0.833757716,0.426010842,-0.603062042,-0.780256848,-0.35671191,-0.484833707,-0.58479672,-0.039330158,-1.4278283,-1.713126791,-1.088213624,-1.058129394,-1.988188727,-1.060792647,4.16E-17,4.06E-17,1.60E-17,4.80E-18,1.71E-17,-8.54E-18,7.69E-17,5.98E-17,6.41E-18,-2.14E-18,1.28E-17,2.67E-18
part_10,-0.409939334,-0.467396445,-0.185024017,-0.496395702,-0.358851265,0.22883381,1.182298715,1.649103083,1.452679883,0.432054797,0.754505641,0.848015898,-0.160823238,-0.160872815,-0.150616501,-0.353727053,-0.403606482,0.15174261,0.5192133,1.015562404,0.792552155,0.366865458,0.720101479,0.580848458,-0.000626597,0.019769178,0.180175304,-0.022361508,0.323671402,0.444834832,1.100809341,1.70832984,1.381606532,1.27526294,1.797698319,1.198032371,0.23580194,0.113582757,0.175580849,-0.199968541,-0.202049713,-0.107564352,-0.2372817,-0.143317446,0.516900177,-0.167742527,-0.165610339,-0.030958083,0.249116096,0.30652363,0.034407516,0.142668649,-0.044755217,-0.077091199,-0.663085415,-0.633540679,-0.660127728,-0.065189339,-0.034404162,-0.267167439,0.160196641,0.180641993,0.330791805,0.331365545,0.727277884,0.293092221,0.581596041,0.692767436,0.589054376,0.908397481,1.07759684,0.617183913,0.236428536,0.09381358,-0.004594455,-0.177607032,-0.525721115,-0.552399184,-1.338091041,-1.851647286,-0.864706355,-1.443005466,-1.963308658,-1.228990454,-1.07E-18,-2.40E-18,-9.07E-18,-7.47E-18,-6.41E-18,1.71E-17,-2.03E-17,0,7.47E-18,2.35E-17,2.54E-17,1.60E-17
part_11,0.443204465,0.741551839,0.467868571,0.680776916,1.078476022,0.541508211,0.544783764,0.880399294,0.589021309,0.563548077,1.035959413,0.667901746,0.213776387,0.306687779,0.253484696,0.136742792,0.483649267,0.398993464,-0.083469961,-0.007240991,0.077675294,0.174688431,0.517432449,0.427978021,0.624110278,0.882477093,0.270982269,0.937961451,1.249547424,0.329097169,0.422437921,0.842272857,0.534844115,0.757183098,1.33090571,0.616269666,-0.23210507,-0.516894884,-0.349352522,0.295415241,-0.220373633,0.003642341,-0.221385856,-0.301020165,-0.26978109,-0.074175168,-0.112411082,-0.117175806,-0.229428078,-0.43486406,-0.214383875,-0.544034124,-0.594826755,-0.142514747,-0.628253725,-0.887640284,-0.511346014,-0.388859646,-0.518526964,-0.239923725,0.410333891,0.575789314,0.017497573,0.801218659,0.765898157,-0.069896295,0.505907881,0.849513847,0.457168821,0.582494667,0.813473261,0.188291645,-0.856215349,-1.399371976,-0.620334791,-0.642546211,-1.469921057,-0.325454828,-0.643823777,-1.143293022,-0.804625205,-0.831358266,-1.443316792,-0.733445471,3.20E-17,2.99E-17,5.17E-19,3.20E-18,1.01E-17,1.28E-17,-1.09E-17,1.55E-17,6.41E-18,4.67E-18,1.81E-17,1.07E-17
part_12,-0.066100445,-0.078322352,0.142065979,-0.104830398,0.292888378,0.181086331,0.580304075,0.565840237,0.318602303,0.535931148,0.505434066,-0.056067573,0.271226655,0.276209042,0.293965926,0.037481738,0.141826058,0.039803128,0.762610533,0.860659152,0.770508836,0.534603159,0.806224238,0.567922156,0.25408591,0.098764518,0.138180567,0.345901684,0.090074172,-0.142698667,1.04817057,1.305347862,1.191505347,1.158598159,1.306328678,0.766283438,-0.050596639,0.041809866,0.137208711,-0.004890671,0.220015014,0.245321415,0.05060181,0.065098131,-0.039921493,0.266753989,-0.042548999,0.075741583,0.3373271,0.354531394,0.151899947,0.142312136,-0.15106232,-0.141283203,0.182306458,0.294818915,0.451906533,-0.00132799,0.300790172,0.623989729,-0.017140745,-0.177444523,-0.155785358,0.308419946,-0.051751886,-0.182501795,0.285560037,0.44468871,0.420996511,0.623995,0.500104441,0.198361281,-0.304682549,-0.056954652,-0.000971856,-0.350792355,0.129940841,0.388020082,-0.99756876,-1.240249731,-1.23142684,-0.891844169,-1.348877677,-0.690541855,6.81E-18,-7.47E-18,1.28E-17,-2.67E-18,1.07E-18,-7.47E-18,-1.92E-17,-1.49E-17,1.28E-17,2.34E-17,5.66E-17,2.78E-17
part_13,0.18028977,0.189412119,0.089497712,0.374975471,0.71240126,0.074807621,1.166607051,1.121768291,0.887550712,0.964146849,0.733236491,0.358401813,-0.117558944,0.089354031,0.115033612,0.175728324,0.38474981,0.260425379,0.578373744,0.479787354,0.423498627,0.377189215,0.324182775,0.33259815,0.008181605,0.08479973,-0.026098949,0.237073232,0.319312411,0.064817487,0.975413558,0.973993649,0.676890847,1.038662181,1.192168325,0.698326029,0.1403383,0.068492236,-0.14158041,0.191834499,0.023956488,-0.033076905,-0.032401087,-0.056055691,-0.098856973,-0.020144167,-0.039096744,-0.019489203,-0.297848714,-0.100058088,0.0255359,-0.199247147,-0.32765145,0.185617758,-0.588233306,-0.641980937,-0.464052085,-0.586957634,-0.409053716,-0.025803663,0.125740549,-0.004554301,-0.14113256,0.061344908,-0.065437399,-0.195607892,0.397039814,0.494206295,0.25339222,0.661472966,0.867985551,0.365727879,0.132156696,-0.016307494,-0.115481462,-0.045238733,-0.295355923,-0.097894392,-1.007814645,-1.03004934,-0.77574782,-1.058806348,-1.231265069,-0.717815232,-4.67E-18,-1.60E-18,2.43E-17,8.01E-18,7.47E-18,1.33E-17,1.92E-17,3.04E-17,2.40E-17,-2.02E-17,2.54E-17,4.24E-17
part_14,0.402720164,0.996741565,0.781216774,0.641792237,0.743340888,0.856181272,0.22057888,0.752905553,0.794217995,0.702742447,1.133397196,1.094852416,0.105632421,0.485706601,-0.092830654,0.199068814,0.345177047,0.498004449,0.134319535,0.491492776,0.013057881,0.326440896,0.789847859,0.857058534,0.729006772,1.052942422,0.567812057,0.813966276,1.402562751,0.934350621,0.443238234,0.906380134,0.778650669,0.875480258,1.840803077,1.19046248,0.069195973,0.011034397,-0.155117204,0.021187512,-0.325640683,0.054984655,-0.09293845,-0.285881104,-0.321538161,-0.222478985,-0.376455748,-0.181032169,-0.297087742,-0.511034964,-0.874047428,-0.442723422,-0.398163841,-0.358176822,-0.086259345,-0.261412776,-0.781160113,-0.376301551,-0.343549337,-0.237793882,0.62337435,0.567235821,0.660642711,0.614897462,1.057385704,0.436346172,0.308918699,0.414887357,0.765592787,0.549039362,1.050955218,0.333403946,-0.659810798,-1.041908025,-0.722929261,-0.792778764,-1.728203434,-0.879365967,-0.536176684,-1.192261238,-1.100188829,-1.097959243,-2.217258825,-1.371494649,-1.60E-17,0,-3.47E-18,6.41E-18,1.07E-17,1.12E-17,8.54E-18,1.92E-17,1.81E-17,-2.99E-17,-5.34E-18,-2.14E-18
part_15,0.536346777,0.723997943,0.761452583,0.459830427,0.570190193,0.450918652,0.911655008,1.104986335,1.063384059,0.76488914,0.726389226,0.163748053,0.291755611,0.470047354,0.572030612,0.390596814,0.475329363,0.459897084,0.121085203,0.408636095,0.393384325,0.204439654,0.61885882,0.365496264,0.357356026,0.675608411,0.814317821,0.710621777,1.073488212,0.606442109,0.83015307,1.161495003,0.937181529,0.865410454,1.09485424,0.569478133,0.024348503,-0.0722883,-0.014924073,-0.069755428,-0.282571629,-0.024586574,-0.057067452,-0.186540656,-0.13743612,-0.048289042,-0.142198633,-0.096866072,-0.244591167,-0.253950589,-0.189421971,-0.069233613,-0.09486083,0.008978433,-0.790569805,-0.69635024,-0.669999734,-0.560449486,-0.107530406,0.201748211,0.065600416,0.205561058,0.242287209,0.320024963,0.598158849,0.146545024,0.709067867,0.752858908,0.543797204,0.6609708,0.47599542,0.203981868,-0.333007524,-0.747896711,-0.829241894,-0.780377205,-1.35605984,-0.631028683,-0.887220522,-1.348035659,-1.074617649,-0.913699496,-1.237052873,-0.666344205,3.58E-17,3.95E-17,3.20E-17,-1.71E-17,1.49E-17,1.01E-17,2.94E-17,1.60E-17,2.99E-17,2.88E-17,2.56E-17,1.17E-17
part_16,0.149586195,0.168332336,0.128533538,0.033502163,0.253729365,0.202728083,0.645021723,0.986000532,0.991223763,0.136787098,0.540598546,0.577399003,0.175021038,0.350623301,0.481895636,-0.1211111,0.262657616,0.343494314,-0.294231775,-0.050668323,-0.037570501,-0.170993717,0.404428037,0.247776621,0.399010006,0.386835208,0.267679845,0.319382229,0.319402866,-0.063963969,0.031837306,0.397698972,0.187630248,0.72758686,1.456625316,0.776286471,0.17420146,0.420106526,0.437434974,-0.011282284,0.206587692,0.209510507,0.046205047,-0.048808715,-0.000749063,-0.229458653,-0.308734383,-0.146109981,0.025434843,0.182290966,0.353362098,-0.154613263,0.008928251,0.140766231,-0.939253499,-1.036668855,-1.028794265,-0.307780815,-0.136170509,-0.329622381,0.223988968,0.036211907,-0.214215792,0.44049333,0.05674525,-0.407458283,0.326069081,0.448367295,0.225200749,0.898580577,1.052197278,0.52850985,-0.224808545,0.033271318,0.169755129,-0.330664513,-0.112815174,0.273474476,0.014367741,-0.446507687,-0.188379311,-0.957045513,-1.765359698,-0.922396452,-1.12E-17,2.56E-17,4.27E-18,1.07E-18,1.49E-17,8.54E-18,1.81E-17,2.35E-17,-1.13E-17,-2.17E-18,1.81E-17,2.83E-17
part_17,2.123085606,2.62092014,2.140883348,0.870306556,1.416570549,0.636027962,1.644747736,2.064424801,1.816103202,0.892685364,1.520293473,0.765763182,0.978413592,1.36779454,1.152761651,0.319205086,0.587845049,0.236459555,1.108595044,1.495875392,1.166736047,0.453392469,1.009800223,0.390337373,1.763473467,2.37992263,1.894059858,0.881530295,1.594154155,0.686350916,1.948732438,2.40383842,1.868434488,0.882706278,1.843777546,0.694593711,-0.299391553,-0.352983298,-0.28941352,-0.070159929,-0.079624037,0.018860923,-0.15965624,-0.280839533,-0.166505121,-0.179593393,-0.149581781,-0.082123555,-1.144672014,-1.2531256,-0.988121697,-0.55110147,-0.8287255,-0.399568407,-0.536152692,-0.568549409,-0.649367155,-0.439292895,-0.51049325,-0.375425809,0.785059875,1.012128089,0.741298207,0.562325209,1.006309105,0.449891361,0.840137395,0.907963028,0.701698441,0.429313808,0.833977323,0.304256338,-2.06286502,-2.732905927,-2.183473378,-0.951690224,-1.673778191,-0.667489993,-2.108388678,-2.684677953,-2.034939608,-1.06229967,-1.993359327,-0.776717265,1.52E-16,6.83E-17,-6.19E-17,3.84E-17,-6.62E-17,-1.40E-17,-1.39E-17,5.12E-17,1.11E-16,1.81E-17,-1.71E-17,6.41E-18
part_18,-0.213009497,-0.286416699,-0.227110014,-0.396022255,-0.038371612,0.257253104,0.898795418,1.210736893,0.923358448,0.604174805,0.801478213,0.064522829,0.051114411,0.194037075,0.211013941,0.40665532,-0.195609093,0.08237135,0.453828793,0.639455566,0.349511076,0.351247217,0.61964097,-0.015953757,-0.192273397,-0.213869099,-0.434200119,0.377899362,0.343491152,0.274724983,1.036898451,1.889501256,1.506871032,0.765180756,1.699267106,0.629787375,0.443381127,0.591521802,0.542119651,0.051499165,0.113620381,0.314073194,-0.298500414,-0.544458755,-0.42389923,-0.276181431,-0.255630048,-0.245219969,0.264123909,0.480453773,0.438123955,0.802677575,-0.157237481,-0.174881754,-0.444966625,-0.571281327,-0.573847372,-0.252927588,-0.181837244,-0.080476586,-0.243387809,-0.407906174,-0.645214061,-0.028755958,0.539100245,0.192353633,0.583069659,1.250045691,1.157359956,0.413933539,1.079626136,0.645741132,0.635654524,0.805390901,0.976319771,-0.326400197,-0.229870771,0.039348212,-1.335398865,-2.433960011,-1.930770263,-1.041362186,-1.954897153,-0.875007344,-8.27E-18,8.54E-18,-2.14E-18,-1.81E-17,2.78E-17,8.54E-18,2.86E-17,8.54E-18,-2.14E-18,2.14E-17,4.48E-17,-3.84E-17
part_19,0.098617701,0.049601842,0.166965061,-0.058895862,-0.071761654,0.013398691,1.080677207,1.496804225,1.083697187,0.375534746,0.862738109,0.262336997,0.273045825,0.318733117,0.324393814,0.086888121,-0.041723234,-0.04080275,0.744767354,1.015045324,0.627094587,0.141746211,0.684818453,0.139024193,0.173207213,0.198202931,0.174537839,0.215623684,0.282653453,0.127437746,1.083454671,1.533273525,1.052140405,0.438236044,1.278806003,0.554127273,0.091679353,1.95E-06,0.020709238,0.172905051,0.089012189,0.06083346,-0.219414712,-0.386220856,-0.280614156,-0.064501304,-0.215943635,-0.141504922,0.174428124,0.269131275,0.157428753,0.145783983,0.03003842,-0.054201441,-0.335909853,-0.481758901,-0.4566026,-0.233788535,-0.177919656,-0.123312804,-0.099838612,-0.120530186,-0.149855975,0.128735562,0.324376687,0.168240495,0.338687317,0.518228201,0.425045818,0.296489833,0.59398755,0.41510308,-0.08152786,-0.198200982,-0.153828601,-0.042718632,-0.193641264,-0.066604286,-1.302869383,-1.919494382,-1.332754561,-0.502737348,-1.494749637,-0.695632195,3.20E-18,1.49E-17,-1.07E-17,2.67E-18,-2.35E-17,-1.60E-17,6.62E-17,-2.14E-17,4.27E-18,1.97E-17,3.63E-17,5.34E-18
part_20,1.360899349,1.336487158,1.217727326,0.596611624,0.304281187,0.317149898,1.716262498,2.010816364,1.858930227,0.628632164,0.687046752,0.362482043,1.661804569,2.017040623,1.261075428,0.886651913,0.670593228,0.078758995,1.761491116,1.952845817,1.508940858,0.926255391,1.027510122,0.029815057,2.068217604,2.389035793,1.626524002,1.192533197,1.521809148,0.579623332,2.002062613,2.20311562,1.692537476,1.281627222,1.424046065,0.413122189,0.134896197,0.025862017,0.105723957,0.073126479,0.046287329,0.195706249,0.313209584,0.321151893,0.222235922,-0.068153886,-0.00504176,-0.097870283,0.30090522,0.680553465,0.043348102,0.29004029,0.366312041,-0.238390903,0.045228618,-0.057970547,-0.349989369,0.297623227,0.34046337,-0.332666987,0.406413035,0.371995169,0.365448574,0.305881284,0.85121592,0.500864337,0.240571497,0.250269803,0.183596618,0.355371831,0.396535943,0.383307132,-1.933321407,-2.363173776,-1.520800046,-1.119406718,-1.475521819,-0.383917083,-1.688853029,-1.881963727,-1.470301554,-1.349781108,-1.429087825,-0.510992472,3.20E-17,2.56E-17,-3.20E-18,3.06E-17,6.51E-17,1.47E-17,3.36E-17,-1.07E-18,1.49E-17,-2.66E-17,-4.59E-17,4.80E-18
part_21,0.150245782,0.039414152,0.283931589,0.047936969,0.052410159,0.001760033,0.58735874,0.547476122,0.38337956,0.537820346,0.193362954,-0.102244548,0.784114509,0.951465012,0.906003348,0.042438953,0.194542992,0.044004862,0.008933273,-0.250408388,-0.234483404,-0.044445132,-0.086888795,-0.120784191,0.385308189,0.486920418,0.658214239,0.198668895,0.287042114,0.327849331,1.030568126,1.254073237,1.170978773,0.848038208,1.257295535,0.680283846,0.047194907,0.231421483,-0.109872099,-0.131707891,0.055225853,0.057328483,-0.003355033,0.11690526,-0.001674142,0.04339074,-0.278855067,-0.389645648,0.633868727,0.912050859,0.62207176,-0.005498016,0.142132833,0.042244829,-0.578425468,-0.797884511,-0.617862964,-0.582265478,-0.280251749,-0.018539643,-0.39880632,-0.464544594,-0.247789109,0.156229942,0.092499122,0.283844469,1.021634853,1.504481626,1.405462177,0.89248334,1.34418433,0.801068037,-0.338113282,-0.255498935,-0.768086338,-0.330376786,-0.231816261,-0.270520848,-1.033923159,-1.137167978,-1.172652915,-0.804647468,-1.536150602,-1.069929494,-1.60E-17,6.83E-17,7.69E-17,3.23E-17,1.07E-17,0,2.62E-17,-8.54E-18,-1.07E-17,1.89E-17,2.88E-17,2.88E-17
